{
  "text": [
    {
      "text": "Advanced Customer Service Platform",
      "color": "beta",
      "variant": "h4"
    },
    {
      "text": "Platform Overview",
      "color": "omegaDarker",
      "variant": "h2"
    },
    {
      "text": "Hassle-free platform and specialists to help you with your marketing campaigns.",
      "color": "omegaDark",
      "variant": "medium"
    }
  ],
  "images": [
    {
      "src": "../../../assets/flexiblocks/homepage/saas-v2/hero.png",
      "alt": "alt text",
      "radius": "lg",
      "shadow": "default",
      "border": "lg",
      "effects": ["fadeInDown"]
    }
  ]
}
