{
  "collection": [
    {
      "text": [
        {
          "text": "No eum alia affert apeirian",
          "color": "alpha",
          "variant": "h4"
        },
        {
          "text": "Get More Conversions With Our Services. Fugit facilisis ne usu, eam conceptam viris maiestatis.",
          "color": "omegaDarker",
          "variant": "h3"
        }
      ]
    },
    {
      "text": [
        {
          "text": "Lorem ipsum dolor sit amet, pri cu etiam iudicabit, usu unum urbanitas cu, ei fabulas apeirian sententiae nam. Nec ut adolescens percipitur deterruisset, doming ancillae salutatus eos ei.",
          "color": "omegaDark",
          "variant": "p"
        },
        {
          "text": "No eum alia affert apeirian, ubique phaedrum usu no. Te nam paulo doctus graecis, mei wisi reprehendunt ne. Docendi deleniti eos ad. His enim tractatos ea, evertitur dissentiunt nec ut, Mel tota quidam senserit et ut tritani platonem est. In a professional context it often happens that private or corporate clients corder a publication to be made and presented with the actual content still not being ready. Think of a news blog that's filled with content hourly on the day of going live.",
          "color": "omegaDark"
        }
      ]
    }
  ]
}
