{
  "text": [
    {
      "text": "HIGH IMPACT RESULTS",
      "color": "alpha",
      "variant": "h4"
    },
    {
      "text": "Strategies Focused on Your Performance",
      "variant": "h2"
    },
    {
      "text": "Understand First. Lorem ipsum dolor sit amet.",
      "variant": "medium"
    },
    {
      "text": "We help our clients achieve tangible, high-impact results.",
      "variant": "medium"
    }
  ],
  "collection": [
    {
      "container": {
        "variant": "cards.paper"
      },
      "text": [
        {
          "text": "Messaging",
          "color": "omegaDarker",
          "variant": "h5"
        },
        {
          "text": "Understand First. Lorem ipsum dolor sit amet, consectetur adipisicing elit, sed do eiusmod tempor incididunt."
        }
      ],
      "icon": {
        "src": "../../../assets/flexiblocks/icons/bx-message-detail.svg",
        "bg": "#D3E7FE",
        "color": "#276BF0"
      }
    },
    {
      "container": {
        "variant": "cards.paper"
      },
      "text": [
        {
          "text": "Reminders",
          "color": "omegaDarker",
          "variant": "h5"
        },
        {
          "text": "Understand First. Lorem ipsum dolor sit amet, consectetur adipisicing elit, sed do eiusmod tempor incididunt."
        }
      ],
      "icon": {
        "src": "../../../assets/flexiblocks/icons/bx-alarm-snooze.svg",
        "bg": "#FEFAD6",
        "color": "#F4D133"
      }
    },
    {
      "container": {
        "variant": "cards.paper"
      },
      "text": [
        {
          "text": "Video Calls",
          "color": "omegaDarker",
          "variant": "h5"
        },
        {
          "text": "Understand First. Lorem ipsum dolor sit amet, consectetur adipisicing elit, sed do eiusmod tempor incididunt."
        }
      ],
      "icon": {
        "src": "../../../assets/flexiblocks/icons/bx-webcam.svg",
        "bg": "#FEE8D1",
        "color": "#F7491D"
      }
    },
    {
      "container": {
        "variant": "cards.paper"
      },
      "text": [
        {
          "text": "Organizer",
          "color": "omegaDarker",
          "variant": "h5"
        },
        {
          "text": "Understand First. Lorem ipsum dolor sit amet, consectetur adipisicing elit, sed do eiusmod tempor incididunt."
        }
      ],
      "icon": {
        "src": "../../../assets/flexiblocks/icons/bx-box.svg",
        "bg": "#EBFDDA",
        "color": "#64DB43"
      }
    }
  ]
}
